row_idx,image_id,base_id,dx,fold,pred,correct
0,1,1,nv,0,nv,True
103,104,104,mel,0,mel,True
406,104_aug1,104,mel,0,nv,False
407,104_aug2,104,mel,0,mel,True
107,108,108,nv,0,nv,True
414,108_aug1,108,nv,0,nv,True
415,108_aug2,108,nv,0,nv,True
111,112,112,nv,0,nv,True
422,112_aug1,112,nv,0,nv,True
423,112_aug2,112,nv,0,nv,True
116,117,117,nv,0,nv,True
432,117_aug1,117,nv,0,nv,True
433,117_aug2,117,nv,0,nv,True
121,122,122,mel,0,nv,False
442,122_aug1,122,mel,0,mel,True
443,122_aug2,122,mel,0,nv,False
125,126,126,nv,0,nv,True
450,126_aug1,126,nv,0,nv,True
451,126_aug2,126,nv,0,nv,True
129,130,130,nv,0,nv,True
458,130_aug1,130,nv,0,nv,True
459,130_aug2,130,nv,0,nv,True
133,134,134,mel,0,mel,True
466,134_aug1,134,mel,0,mel,True
467,134_aug2,134,mel,0,mel,True
140,141,141,vasc,0,vasc,True
480,141_aug1,141,vasc,0,vasc,True
481,141_aug2,141,vasc,0,vasc,True
144,145,145,nv,0,nv,True
488,145_aug1,145,nv,0,mel,False
489,145_aug2,145,nv,0,nv,True
148,149,149,nv,0,mel,False
496,149_aug1,149,nv,0,nv,True
497,149_aug2,149,nv,0,mel,False
154,155,155,nv,0,nv,True
508,155_aug1,155,nv,0,nv,True
509,155_aug2,155,nv,0,nv,True
157,158,158,mel,0,nv,False
514,158_aug1,158,mel,0,nv,False
515,158_aug2,158,mel,0,mel,True
162,163,163,mel,0,nv,False
524,163_aug1,163,mel,0,nv,False
525,163_aug2,163,mel,0,nv,False
165,166,166,nv,0,nv,True
530,166_aug1,166,nv,0,nv,True
531,166_aug2,166,nv,0,nv,True
171,172,172,nv,0,nv,True
542,172_aug1,172,nv,0,nv,True
543,172_aug2,172,nv,0,nv,True
176,177,177,mel,0,nv,False
552,177_aug1,177,mel,0,nv,False
553,177_aug2,177,mel,0,nv,False
17,18,18,mel,0,mel,True
184,185,185,mel,0,mel,True
568,185_aug1,185,mel,0,nv,False
569,185_aug2,185,mel,0,mel,True
234,18_aug1,18,mel,0,mel,True
235,18_aug2,18,mel,0,mel,True
189,190,190,nv,0,mel,False
578,190_aug1,190,nv,0,nv,True
579,190_aug2,190,nv,0,nv,True
195,196,196,mel,0,mel,True
590,196_aug1,196,mel,0,mel,True
591,196_aug2,196,mel,0,mel,True
197,198,198,nv,0,mel,False
594,198_aug1,198,nv,0,vasc,False
595,198_aug2,198,nv,0,mel,False
200,1_aug1,1,nv,0,nv,True
201,1_aug2,1,nv,0,nv,True
22,23,23,mel,0,mel,True
244,23_aug1,23,mel,0,vasc,False
245,23_aug2,23,mel,0,nv,False
27,28,28,nv,0,nv,True
254,28_aug1,28,nv,0,mel,False
255,28_aug2,28,nv,0,nv,True
31,32,32,nv,0,nv,True
262,32_aug1,32,nv,0,mel,False
263,32_aug2,32,nv,0,nv,True
35,36,36,mel,0,mel,True
270,36_aug1,36,mel,0,mel,True
271,36_aug2,36,mel,0,mel,True
37,38,38,mel,0,nv,False
274,38_aug1,38,mel,0,nv,False
275,38_aug2,38,mel,0,nv,False
47,48,48,nv,0,nv,True
294,48_aug1,48,nv,0,nv,True
295,48_aug2,48,nv,0,nv,True
4,5,5,mel,0,mel,True
52,53,53,nv,0,nv,True
304,53_aug1,53,nv,0,nv,True
305,53_aug2,53,nv,0,nv,True
58,59,59,vasc,0,nv,False
316,59_aug1,59,vasc,0,nv,False
317,59_aug2,59,vasc,0,nv,False
208,5_aug1,5,mel,0,mel,True
209,5_aug2,5,mel,0,mel,True
61,62,62,nv,0,nv,True
322,62_aug1,62,nv,0,nv,True
323,62_aug2,62,nv,0,nv,True
67,68,68,vasc,0,nv,False
334,68_aug1,68,vasc,0,nv,False
335,68_aug2,68,vasc,0,nv,False
71,72,72,mel,0,nv,False
342,72_aug1,72,mel,0,nv,False
343,72_aug2,72,mel,0,nv,False
7,8,8,vasc,0,vasc,True
80,81,81,nv,0,nv,True
360,81_aug1,81,nv,0,vasc,False
361,81_aug2,81,nv,0,nv,True
86,87,87,mel,0,mel,True
372,87_aug1,87,mel,0,mel,True
373,87_aug2,87,mel,0,mel,True
214,8_aug1,8,vasc,0,vasc,True
215,8_aug2,8,vasc,0,vasc,True
8,9,9,vasc,0,nv,False
96,97,97,mel,0,mel,True
392,97_aug1,97,mel,0,nv,False
393,97_aug2,97,mel,0,mel,True
216,9_aug1,9,vasc,0,vasc,True
217,9_aug2,9,vasc,0,vasc,True
9,10,10,nv,1,nv,True
104,105,105,mel,1,nv,False
408,105_aug1,105,mel,1,nv,False
409,105_aug2,105,mel,1,nv,False
218,10_aug1,10,nv,1,nv,True
219,10_aug2,10,nv,1,nv,True
109,110,110,mel,1,mel,True
418,110_aug1,110,mel,1,mel,True
419,110_aug2,110,mel,1,mel,True
112,113,113,vasc,1,nv,False
424,113_aug1,113,vasc,1,mel,False
425,113_aug2,113,vasc,1,nv,False
119,120,120,nv,1,mel,False
438,120_aug1,120,nv,1,nv,True
439,120_aug2,120,nv,1,nv,True
120,121,121,nv,1,nv,True
440,121_aug1,121,nv,1,mel,False
441,121_aug2,121,nv,1,nv,True
126,127,127,vasc,1,vasc,True
452,127_aug1,127,vasc,1,vasc,True
453,127_aug2,127,vasc,1,vasc,True
130,131,131,mel,1,mel,True
460,131_aug1,131,mel,1,mel,True
461,131_aug2,131,mel,1,mel,True
135,136,136,mel,1,mel,True
470,136_aug1,136,mel,1,mel,True
471,136_aug2,136,mel,1,mel,True
141,142,142,vasc,1,vasc,True
482,142_aug1,142,vasc,1,vasc,True
483,142_aug2,142,vasc,1,vasc,True
145,146,146,nv,1,nv,True
490,146_aug1,146,nv,1,nv,True
491,146_aug2,146,nv,1,nv,True
14,15,15,vasc,1,mel,False
155,156,156,nv,1,nv,True
510,156_aug1,156,nv,1,nv,True
511,156_aug2,156,nv,1,nv,True
158,159,159,nv,1,nv,True
516,159_aug1,159,nv,1,nv,True
517,159_aug2,159,nv,1,mel,False
228,15_aug1,15,vasc,1,nv,False
229,15_aug2,15,vasc,1,nv,False
163,164,164,vasc,1,nv,False
526,164_aug1,164,vasc,1,nv,False
527,164_aug2,164,vasc,1,nv,False
167,168,168,nv,1,nv,True
534,168_aug1,168,nv,1,nv,True
535,168_aug2,168,nv,1,nv,True
172,173,173,nv,1,nv,True
544,173_aug1,173,nv,1,nv,True
545,173_aug2,173,nv,1,mel,False
179,180,180,vasc,1,vasc,True
558,180_aug1,180,vasc,1,vasc,True
559,180_aug2,180,vasc,1,nv,False
182,183,183,mel,1,mel,True
564,183_aug1,183,mel,1,mel,True
565,183_aug2,183,mel,1,mel,True
185,186,186,mel,1,mel,True
570,186_aug1,186,mel,1,nv,False
571,186_aug2,186,mel,1,mel,True
190,191,191,mel,1,mel,True
580,191_aug1,191,mel,1,mel,True
581,191_aug2,191,mel,1,mel,True
196,197,197,nv,1,mel,False
592,197_aug1,197,nv,1,mel,False
593,197_aug2,197,nv,1,mel,False
1,2,2,nv,1,nv,True
21,22,22,nv,1,nv,True
242,22_aug1,22,nv,1,mel,False
243,22_aug2,22,nv,1,mel,False
28,29,29,mel,1,mel,True
256,29_aug1,29,mel,1,mel,True
257,29_aug2,29,mel,1,vasc,False
202,2_aug1,2,nv,1,nv,True
203,2_aug2,2,nv,1,nv,True
33,34,34,nv,1,mel,False
266,34_aug1,34,nv,1,nv,True
267,34_aug2,34,nv,1,nv,True
38,39,39,mel,1,nv,False
276,39_aug1,39,mel,1,nv,False
277,39_aug2,39,mel,1,nv,False
40,41,41,nv,1,nv,True
280,41_aug1,41,nv,1,nv,True
281,41_aug2,41,nv,1,nv,True
45,46,46,vasc,1,vasc,True
290,46_aug1,46,vasc,1,vasc,True
291,46_aug2,46,vasc,1,vasc,True
49,50,50,nv,1,mel,False
298,50_aug1,50,nv,1,nv,True
299,50_aug2,50,nv,1,mel,False
54,55,55,mel,1,mel,True
308,55_aug1,55,mel,1,nv,False
309,55_aug2,55,mel,1,nv,False
5,6,6,mel,1,nv,False
64,65,65,nv,1,mel,False
328,65_aug1,65,nv,1,mel,False
329,65_aug2,65,nv,1,mel,False
210,6_aug1,6,mel,1,nv,False
211,6_aug2,6,mel,1,nv,False
70,71,71,nv,1,mel,False
340,71_aug1,71,nv,1,mel,False
341,71_aug2,71,nv,1,mel,False
72,73,73,mel,1,mel,True
344,73_aug1,73,mel,1,nv,False
345,73_aug2,73,mel,1,mel,True
76,77,77,nv,1,nv,True
352,77_aug1,77,nv,1,nv,True
353,77_aug2,77,nv,1,mel,False
82,83,83,nv,1,mel,False
364,83_aug1,83,nv,1,nv,True
365,83_aug2,83,nv,1,nv,True
87,88,88,nv,1,nv,True
374,88_aug1,88,nv,1,mel,False
375,88_aug2,88,nv,1,nv,True
90,91,91,nv,1,mel,False
380,91_aug1,91,nv,1,mel,False
381,91_aug2,91,nv,1,mel,False
94,95,95,nv,1,nv,True
388,95_aug1,95,nv,1,nv,True
389,95_aug2,95,nv,1,nv,True
99,100,100,mel,2,mel,True
398,100_aug1,100,mel,2,mel,True
399,100_aug2,100,mel,2,mel,True
102,103,103,mel,2,mel,True
404,103_aug1,103,mel,2,mel,True
405,103_aug2,103,mel,2,mel,True
110,111,111,mel,2,mel,True
420,111_aug1,111,mel,2,nv,False
421,111_aug2,111,mel,2,mel,True
114,115,115,nv,2,nv,True
428,115_aug1,115,nv,2,nv,True
429,115_aug2,115,nv,2,nv,True
117,118,118,nv,2,nv,True
434,118_aug1,118,nv,2,nv,True
435,118_aug2,118,nv,2,nv,True
123,124,124,mel,2,nv,False
446,124_aug1,124,mel,2,nv,False
447,124_aug2,124,mel,2,nv,False
127,128,128,mel,2,mel,True
454,128_aug1,128,mel,2,mel,True
455,128_aug2,128,mel,2,mel,True
132,133,133,nv,2,mel,False
464,133_aug1,133,nv,2,mel,False
465,133_aug2,133,nv,2,nv,True
137,138,138,mel,2,mel,True
474,138_aug1,138,mel,2,mel,True
475,138_aug2,138,mel,2,mel,True
138,139,139,nv,2,nv,True
476,139_aug1,139,nv,2,nv,True
477,139_aug2,139,nv,2,nv,True
143,144,144,nv,2,mel,False
486,144_aug1,144,nv,2,mel,False
487,144_aug2,144,nv,2,mel,False
150,151,151,vasc,2,vasc,True
500,151_aug1,151,vasc,2,vasc,True
501,151_aug2,151,vasc,2,vasc,True
156,157,157,vasc,2,vasc,True
512,157_aug1,157,vasc,2,vasc,True
513,157_aug2,157,vasc,2,vasc,True
15,16,16,vasc,2,vasc,True
164,165,165,nv,2,nv,True
528,165_aug1,165,nv,2,nv,True
529,165_aug2,165,nv,2,mel,False
230,16_aug1,16,vasc,2,vasc,True
231,16_aug2,16,vasc,2,vasc,True
16,17,17,nv,2,mel,False
173,174,174,nv,2,nv,True
546,174_aug1,174,nv,2,nv,True
547,174_aug2,174,nv,2,nv,True
174,175,175,mel,2,nv,False
548,175_aug1,175,mel,2,nv,False
549,175_aug2,175,mel,2,nv,False
232,17_aug1,17,nv,2,nv,True
233,17_aug2,17,nv,2,nv,True
180,181,181,nv,2,nv,True
560,181_aug1,181,nv,2,nv,True
561,181_aug2,181,nv,2,nv,True
186,187,187,nv,2,nv,True
572,187_aug1,187,nv,2,nv,True
573,187_aug2,187,nv,2,nv,True
192,193,193,nv,2,mel,False
584,193_aug1,193,nv,2,mel,False
585,193_aug2,193,nv,2,mel,False
198,199,199,vasc,2,vasc,True
596,199_aug1,199,vasc,2,vasc,True
597,199_aug2,199,vasc,2,vasc,True
19,20,20,nv,2,nv,True
238,20_aug1,20,nv,2,mel,False
239,20_aug2,20,nv,2,mel,False
23,24,24,nv,2,vasc,False
246,24_aug1,24,nv,2,vasc,False
247,24_aug2,24,nv,2,vasc,False
29,30,30,mel,2,nv,False
258,30_aug1,30,mel,2,nv,False
259,30_aug2,30,mel,2,mel,True
30,31,31,nv,2,nv,True
260,31_aug1,31,nv,2,nv,True
261,31_aug2,31,nv,2,nv,True
3,4,4,mel,2,nv,False
42,43,43,nv,2,nv,True
284,43_aug1,43,nv,2,nv,True
285,43_aug2,43,nv,2,nv,True
44,45,45,mel,2,nv,False
288,45_aug1,45,mel,2,nv,False
289,45_aug2,45,mel,2,mel,True
206,4_aug1,4,mel,2,nv,False
207,4_aug2,4,mel,2,nv,False
50,51,51,mel,2,mel,True
300,51_aug1,51,mel,2,mel,True
301,51_aug2,51,mel,2,mel,True
55,56,56,nv,2,mel,False
310,56_aug1,56,nv,2,mel,False
311,56_aug2,56,nv,2,mel,False
59,60,60,nv,2,mel,False
318,60_aug1,60,nv,2,nv,True
319,60_aug2,60,nv,2,nv,True
65,66,66,mel,2,nv,False
330,66_aug1,66,mel,2,nv,False
331,66_aug2,66,mel,2,nv,False
68,69,69,nv,2,mel,False
336,69_aug1,69,nv,2,mel,False
337,69_aug2,69,nv,2,nv,True
73,74,74,nv,2,nv,True
346,74_aug1,74,nv,2,mel,False
347,74_aug2,74,nv,2,nv,True
77,78,78,mel,2,nv,False
354,78_aug1,78,mel,2,mel,True
355,78_aug2,78,mel,2,nv,False
83,84,84,vasc,2,nv,False
366,84_aug1,84,vasc,2,nv,False
367,84_aug2,84,vasc,2,nv,False
85,86,86,nv,2,nv,True
370,86_aug1,86,nv,2,nv,True
371,86_aug2,86,nv,2,nv,True
91,92,92,mel,2,mel,True
382,92_aug1,92,mel,2,mel,True
383,92_aug2,92,mel,2,mel,True
95,96,96,vasc,2,vasc,True
390,96_aug1,96,vasc,2,vasc,True
391,96_aug2,96,vasc,2,vasc,True
100,101,101,nv,3,nv,True
400,101_aug1,101,nv,3,nv,True
401,101_aug2,101,nv,3,nv,True
105,106,106,mel,3,mel,True
410,106_aug1,106,mel,3,nv,False
411,106_aug2,106,mel,3,nv,False
108,109,109,mel,3,mel,True
416,109_aug1,109,mel,3,mel,True
417,109_aug2,109,mel,3,mel,True
115,116,116,mel,3,nv,False
430,116_aug1,116,mel,3,nv,False
431,116_aug2,116,mel,3,nv,False
118,119,119,mel,3,mel,True
436,119_aug1,119,mel,3,mel,True
437,119_aug2,119,mel,3,nv,False
122,123,123,mel,3,mel,True
444,123_aug1,123,mel,3,nv,False
445,123_aug2,123,mel,3,nv,False
128,129,129,nv,3,mel,False
456,129_aug1,129,nv,3,nv,True
457,129_aug2,129,nv,3,nv,True
131,132,132,nv,3,nv,True
462,132_aug1,132,nv,3,nv,True
463,132_aug2,132,nv,3,nv,True
136,137,137,nv,3,mel,False
472,137_aug1,137,nv,3,mel,False
473,137_aug2,137,nv,3,mel,False
142,143,143,vasc,3,vasc,True
484,143_aug1,143,vasc,3,vasc,True
485,143_aug2,143,vasc,3,vasc,True
147,148,148,mel,3,mel,True
494,148_aug1,148,mel,3,mel,True
495,148_aug2,148,mel,3,mel,True
149,150,150,nv,3,nv,True
498,150_aug1,150,nv,3,nv,True
499,150_aug2,150,nv,3,nv,True
152,153,153,nv,3,nv,True
504,153_aug1,153,nv,3,nv,True
505,153_aug2,153,nv,3,nv,True
159,160,160,nv,3,nv,True
518,160_aug1,160,nv,3,nv,True
519,160_aug2,160,nv,3,nv,True
161,162,162,mel,3,mel,True
522,162_aug1,162,mel,3,mel,True
523,162_aug2,162,mel,3,mel,True
168,169,169,vasc,3,vasc,True
536,169_aug1,169,vasc,3,vasc,True
537,169_aug2,169,vasc,3,vasc,True
175,176,176,vasc,3,vasc,True
550,176_aug1,176,vasc,3,vasc,True
551,176_aug2,176,vasc,3,vasc,True
177,178,178,nv,3,mel,False
554,178_aug1,178,nv,3,mel,False
555,178_aug2,178,nv,3,mel,False
181,182,182,nv,3,nv,True
562,182_aug1,182,nv,3,nv,True
563,182_aug2,182,nv,3,vasc,False
18,19,19,nv,3,nv,True
193,194,194,vasc,3,vasc,True
586,194_aug1,194,vasc,3,vasc,True
587,194_aug2,194,vasc,3,vasc,True
194,195,195,nv,3,nv,True
588,195_aug1,195,nv,3,nv,True
589,195_aug2,195,nv,3,nv,True
236,19_aug1,19,nv,3,mel,False
237,19_aug2,19,nv,3,nv,True
199,200,200,mel,3,nv,False
598,200_aug1,200,mel,3,nv,False
599,200_aug2,200,mel,3,nv,False
25,26,26,nv,3,mel,False
250,26_aug1,26,nv,3,mel,False
251,26_aug2,26,nv,3,mel,False
26,27,27,nv,3,mel,False
252,27_aug1,27,nv,3,nv,True
253,27_aug2,27,nv,3,vasc,False
34,35,35,mel,3,mel,True
268,35_aug1,35,mel,3,mel,True
269,35_aug2,35,mel,3,mel,True
39,40,40,nv,3,mel,False
278,40_aug1,40,nv,3,mel,False
279,40_aug2,40,nv,3,nv,True
43,44,44,nv,3,nv,True
286,44_aug1,44,nv,3,mel,False
287,44_aug2,44,nv,3,mel,False
46,47,47,nv,3,nv,True
292,47_aug1,47,nv,3,nv,True
293,47_aug2,47,nv,3,nv,True
51,52,52,vasc,3,nv,False
302,52_aug1,52,vasc,3,nv,False
303,52_aug2,52,vasc,3,nv,False
56,57,57,mel,3,nv,False
312,57_aug1,57,mel,3,nv,False
313,57_aug2,57,mel,3,mel,True
60,61,61,mel,3,mel,True
320,61_aug1,61,mel,3,mel,True
321,61_aug2,61,mel,3,mel,True
66,67,67,nv,3,nv,True
332,67_aug1,67,nv,3,nv,True
333,67_aug2,67,nv,3,nv,True
6,7,7,nv,3,vasc,False
74,75,75,mel,3,nv,False
348,75_aug1,75,mel,3,nv,False
349,75_aug2,75,mel,3,nv,False
212,7_aug1,7,nv,3,vasc,False
213,7_aug2,7,nv,3,vasc,False
79,80,80,mel,3,mel,True
358,80_aug1,80,mel,3,mel,True
359,80_aug2,80,mel,3,mel,True
81,82,82,nv,3,nv,True
362,82_aug1,82,nv,3,nv,True
363,82_aug2,82,nv,3,nv,True
88,89,89,vasc,3,vasc,True
376,89_aug1,89,vasc,3,vasc,True
377,89_aug2,89,vasc,3,vasc,True
92,93,93,mel,3,mel,True
384,93_aug1,93,mel,3,nv,False
385,93_aug2,93,mel,3,mel,True
98,99,99,nv,3,nv,True
396,99_aug1,99,nv,3,nv,True
397,99_aug2,99,nv,3,nv,True
101,102,102,nv,4,mel,False
402,102_aug1,102,nv,4,mel,False
403,102_aug2,102,nv,4,nv,True
106,107,107,nv,4,nv,True
412,107_aug1,107,nv,4,nv,True
413,107_aug2,107,nv,4,nv,True
10,11,11,nv,4,nv,True
113,114,114,mel,4,nv,False
426,114_aug1,114,mel,4,nv,False
427,114_aug2,114,mel,4,nv,False
220,11_aug1,11,nv,4,nv,True
221,11_aug2,11,nv,4,nv,True
11,12,12,vasc,4,nv,False
124,125,125,nv,4,nv,True
448,125_aug1,125,nv,4,nv,True
449,125_aug2,125,nv,4,nv,True
222,12_aug1,12,vasc,4,nv,False
223,12_aug2,12,vasc,4,nv,False
12,13,13,mel,4,mel,True
134,135,135,nv,4,nv,True
468,135_aug1,135,nv,4,nv,True
469,135_aug2,135,nv,4,nv,True
224,13_aug1,13,mel,4,mel,True
225,13_aug2,13,mel,4,mel,True
13,14,14,nv,4,mel,False
139,140,140,mel,4,mel,True
478,140_aug1,140,mel,4,mel,True
479,140_aug2,140,mel,4,mel,True
146,147,147,nv,4,mel,False
492,147_aug1,147,nv,4,nv,True
493,147_aug2,147,nv,4,mel,False
226,14_aug1,14,nv,4,nv,True
227,14_aug2,14,nv,4,mel,False
151,152,152,vasc,4,vasc,True
502,152_aug1,152,vasc,4,vasc,True
503,152_aug2,152,vasc,4,vasc,True
153,154,154,nv,4,mel,False
506,154_aug1,154,nv,4,mel,False
507,154_aug2,154,nv,4,mel,False
160,161,161,vasc,4,vasc,True
520,161_aug1,161,vasc,4,vasc,True
521,161_aug2,161,vasc,4,vasc,True
166,167,167,mel,4,mel,True
532,167_aug1,167,mel,4,mel,True
533,167_aug2,167,mel,4,mel,True
169,170,170,nv,4,nv,True
538,170_aug1,170,nv,4,mel,False
539,170_aug2,170,nv,4,mel,False
170,171,171,nv,4,nv,True
540,171_aug1,171,nv,4,nv,True
541,171_aug2,171,nv,4,nv,True
178,179,179,mel,4,nv,False
556,179_aug1,179,mel,4,nv,False
557,179_aug2,179,mel,4,nv,False
183,184,184,mel,4,mel,True
566,184_aug1,184,mel,4,mel,True
567,184_aug2,184,mel,4,nv,False
187,188,188,mel,4,mel,True
574,188_aug1,188,mel,4,mel,True
575,188_aug2,188,mel,4,mel,True
188,189,189,nv,4,nv,True
576,189_aug1,189,nv,4,nv,True
577,189_aug2,189,nv,4,nv,True
191,192,192,vasc,4,vasc,True
582,192_aug1,192,vasc,4,vasc,True
583,192_aug2,192,vasc,4,vasc,True
20,21,21,mel,4,nv,False
240,21_aug1,21,mel,4,mel,True
241,21_aug2,21,mel,4,mel,True
24,25,25,nv,4,nv,True
248,25_aug1,25,nv,4,nv,True
249,25_aug2,25,nv,4,mel,False
2,3,3,nv,4,nv,True
32,33,33,nv,4,mel,False
264,33_aug1,33,nv,4,mel,False
265,33_aug2,33,nv,4,mel,False
36,37,37,mel,4,mel,True
272,37_aug1,37,mel,4,mel,True
273,37_aug2,37,mel,4,mel,True
204,3_aug1,3,nv,4,mel,False
205,3_aug2,3,nv,4,mel,False
41,42,42,vasc,4,vasc,True
282,42_aug1,42,vasc,4,vasc,True
283,42_aug2,42,vasc,4,vasc,True
48,49,49,mel,4,mel,True
296,49_aug1,49,mel,4,mel,True
297,49_aug2,49,mel,4,mel,True
53,54,54,mel,4,mel,True
306,54_aug1,54,mel,4,nv,False
307,54_aug2,54,mel,4,nv,False
57,58,58,nv,4,nv,True
314,58_aug1,58,nv,4,nv,True
315,58_aug2,58,nv,4,nv,True
62,63,63,nv,4,nv,True
324,63_aug1,63,nv,4,nv,True
325,63_aug2,63,nv,4,nv,True
63,64,64,nv,4,vasc,False
326,64_aug1,64,nv,4,vasc,False
327,64_aug2,64,nv,4,vasc,False
69,70,70,mel,4,mel,True
338,70_aug1,70,mel,4,mel,True
339,70_aug2,70,mel,4,mel,True
75,76,76,mel,4,nv,False
350,76_aug1,76,mel,4,nv,False
351,76_aug2,76,mel,4,nv,False
78,79,79,mel,4,mel,True
356,79_aug1,79,mel,4,mel,True
357,79_aug2,79,mel,4,mel,True
84,85,85,vasc,4,vasc,True
368,85_aug1,85,vasc,4,nv,False
369,85_aug2,85,vasc,4,vasc,True
89,90,90,nv,4,nv,True
378,90_aug1,90,nv,4,nv,True
379,90_aug2,90,nv,4,nv,True
93,94,94,nv,4,nv,True
386,94_aug1,94,nv,4,nv,True
387,94_aug2,94,nv,4,nv,True
97,98,98,nv,4,nv,True
394,98_aug1,98,nv,4,mel,False
395,98_aug2,98,nv,4,nv,True
